timestamp,event,label,confidence,action,message
2026-05-27 20:58:36.228381,face_register,t,,REGISTER,Saved sample 1779890316227.jpg
2026-05-27 20:58:36.287409,face_retrain,t,,TRAIN,Trained FaceAI with 1 sample(s)
2026-05-27 20:58:36.393859,face_retrain,t,,TRAIN,Trained FaceAI with 1 sample(s)
2026-05-27 20:58:51.520106,face_insufficient_samples,t,0.0,DENY,"Chưa đủ mẫu cho t: 1/3, không mở cửa"
2026-05-27 20:59:01.808993,face_recognition_failed,,,DENY,Không phát hiện khuôn mặt trong ảnh
2026-05-27 20:59:11.204137,face_insufficient_samples,t,0.0,DENY,"Chưa đủ mẫu cho t: 1/3, không mở cửa"
2026-05-27 21:00:06.382271,face_delete,t,,DELETE,Deleted 1 sample(s); removed empty model
2026-05-27 21:00:21.277650,face_register,t,,REGISTER,Saved sample 1779890421277.jpg
2026-05-27 21:00:21.328826,face_retrain,t,,TRAIN,Trained FaceAI with 1 sample(s)
2026-05-27 21:00:21.451824,face_retrain,t,,TRAIN,Trained FaceAI with 1 sample(s)
2026-05-27 21:00:30.551372,face_recognition_failed,,,DENY,Khuôn mặt chưa nằm đủ trong khung
2026-05-27 21:00:41.200768,face_insufficient_samples,t,0.0,DENY,"Chưa đủ mẫu cho t: 1/3, không mở cửa"
2026-05-27 21:03:15.586337,face_delete,t,,DELETE,Deleted 1 sample(s); removed empty model
2026-05-27 21:04:47.972241,face_register,thien,,REGISTER,Saved sample 1779890687971.jpg
2026-05-27 21:04:48.023106,face_retrain,thien,,TRAIN,Trained FaceAI with 1 sample(s)
2026-05-27 21:04:48.122907,face_retrain,thien,,TRAIN,Trained FaceAI with 1 sample(s)
2026-05-27 21:05:00.848855,face_insufficient_samples,thien,0.0,DENY,"Chưa đủ mẫu cho thien: 1/3, không mở cửa"
2026-05-27 21:05:11.445417,face_insufficient_samples,thien,0.0,DENY,"Chưa đủ mẫu cho thien: 1/3, không mở cửa"
2026-05-27 21:07:35.486373,face_register,obama_test,,REGISTER,Saved sample 1779890855485.jpg
2026-05-27 21:07:35.513644,face_retrain,obama_test,,TRAIN,Trained FaceAI with 1 sample(s)
2026-05-27 21:07:37.620490,face_register,obama_test,,REGISTER,Saved sample 1779890857619.jpg
2026-05-27 21:07:37.673288,face_retrain,obama_test,,TRAIN,Trained FaceAI with 2 sample(s)
2026-05-27 21:07:39.786995,face_register,obama_test,,REGISTER,Saved sample 1779890859786.jpg
2026-05-27 21:07:39.866890,face_retrain,obama_test,,TRAIN,Trained FaceAI with 3 sample(s)
2026-05-27 21:07:42.039334,face_retrain,obama_test,,TRAIN,Trained FaceAI with 3 sample(s)
2026-05-27 21:07:44.175753,face_recognized,obama_test,1.0,ALLOW,Recognized obama_test
2026-05-27 21:07:46.315733,face_low_confidence,obama_test,0.0,DENY,"Độ tin cậy thấp, không mở cửa; distance=0.6399; max=0.1800; sample_distance=0.6399; sample_max=0.5000"
2026-05-27 21:08:04.259802,face_recognized,obama_test,1.0,ALLOW,Recognized obama_test
2026-05-27 21:08:06.400017,face_low_confidence,obama_test,0.0,DENY,"Độ tin cậy thấp, không mở cửa; distance=0.6399; max=0.1800; sample_distance=0.6399; sample_max=0.5000"
2026-05-27 21:15:00.845828,face_delete,thien,,DELETE,Deleted 1 sample(s); removed empty model
2026-05-27 21:15:24.651076,face_register,a,,REGISTER,Saved sample 1779891324650.jpg
2026-05-27 21:15:24.705098,face_retrain,a,,TRAIN,Trained FaceAI with 1 sample(s)
2026-05-27 21:15:24.799452,face_retrain,a,,TRAIN,Trained FaceAI with 1 sample(s)
2026-05-27 21:15:37.800058,face_insufficient_samples,a,0.0,DENY,"Chưa đủ mẫu cho a: 1/3, không mở cửa"
2026-05-27 21:16:40.074056,face_delete,a,,DELETE,Deleted 1 sample(s); removed empty model
2026-05-27 21:16:53.224279,face_register,t,,REGISTER,Saved sample 1779891413223.jpg
2026-05-27 21:16:53.261904,face_retrain,t,,TRAIN,Trained FaceAI with 1 sample(s)
2026-05-27 21:16:53.347217,face_retrain,t,,TRAIN,Trained FaceAI with 1 sample(s)
2026-05-27 21:16:58.489672,face_insufficient_samples,t,0.0,DENY,"Chưa đủ mẫu cho t: 1/3, không mở cửa"
2026-05-27 21:17:04.313406,face_insufficient_samples,t,0.0,DENY,"Chưa đủ mẫu cho t: 1/3, không mở cửa"
2026-05-27 21:17:17.232855,face_insufficient_samples,t,0.0,DENY,"Chưa đủ mẫu cho t: 1/3, không mở cửa"
2026-05-27 21:17:43.103210,face_register,asd,,REGISTER,Saved sample 1779891463102.jpg
2026-05-27 21:17:43.191664,face_retrain,"asd,t",,TRAIN,Trained FaceAI with 2 sample(s)
2026-05-27 21:17:43.339968,face_retrain,"asd,t",,TRAIN,Trained FaceAI with 2 sample(s)
2026-05-27 21:17:55.988499,face_insufficient_samples,asd,0.0,DENY,"Chưa đủ mẫu cho asd: 1/3, không mở cửa"
2026-05-27 21:19:35.349043,face_insufficient_samples,t,0.0,DENY,"Chưa đủ mẫu cho t: 1/3, không mở cửa"
2026-05-27 21:19:38.175808,face_retrain,t,,TRAIN,Trained FaceAI with 1 sample(s)
2026-05-27 21:19:38.176057,face_delete,asd,,DELETE,Deleted 1 sample(s) and retrained FaceAI
2026-05-27 21:19:38.267849,face_retrain,t,,TRAIN,Trained FaceAI with 1 sample(s)
2026-05-27 21:19:38.803995,face_delete,t,,DELETE,Deleted 1 sample(s); removed empty model
2026-05-27 21:19:50.369563,face_register,abc,,REGISTER,Saved sample 1779891590369.jpg
2026-05-27 21:19:50.407086,face_retrain,abc,,TRAIN,Trained FaceAI with 1 sample(s)
2026-05-27 21:19:50.488188,face_retrain,abc,,TRAIN,Trained FaceAI with 1 sample(s)
2026-05-27 21:19:56.610231,face_insufficient_samples,abc,0.0,DENY,"Chưa đủ mẫu cho abc: 1/3, không mở cửa"
2026-05-27 21:22:01.061208,face_recognized,abc,1.0,ALLOW,Recognized abc
2026-05-27 21:22:14.093706,face_recognized,abc,1.0,ALLOW,Recognized abc
2026-05-27 21:23:01.628642,face_delete,abc,,DELETE,Deleted 1 sample(s); removed empty model
2026-05-27 21:23:08.866571,face_register,test,,REGISTER,Saved sample 1779891788865.jpg
2026-05-27 21:23:08.903704,face_retrain,test,,TRAIN,Trained FaceAI with 1 sample(s)
2026-05-27 21:23:09.052884,face_retrain,test,,TRAIN,Trained FaceAI with 1 sample(s)
2026-05-27 21:23:12.987846,face_low_confidence,test,0.0,DENY,"Độ tin cậy thấp, không mở cửa; distance=0.6841; max=0.1800; sample_distance=0.6841; sample_max=0.5000"
2026-05-27 21:23:20.572602,face_low_confidence,test,0.0,DENY,"Độ tin cậy thấp, không mở cửa; distance=0.6897; max=0.1800; sample_distance=0.6897; sample_max=0.5000"
2026-05-27 21:23:58.739843,face_recognized,test,1.0,ALLOW,Recognized test
2026-05-27 21:24:05.970215,face_recognized,test,1.0,ALLOW,Recognized test
2026-05-27 21:24:12.372525,face_low_confidence,test,0.0,DENY,"Độ tin cậy thấp, không mở cửa; distance=0.6841; max=0.1800; sample_distance=0.6841; sample_max=0.5000"
2026-05-27 21:24:13.795232,face_delete,test,,DELETE,Deleted 1 sample(s); removed empty model
2026-05-27 21:24:29.485275,face_register,test,,REGISTER,Saved sample 1779891869484.jpg
2026-05-27 21:24:29.538173,face_retrain,test,,TRAIN,Trained FaceAI with 1 sample(s)
2026-05-27 21:24:29.627710,face_retrain,test,,TRAIN,Trained FaceAI with 1 sample(s)
2026-05-27 21:24:40.996980,face_low_confidence,test,0.122,DENY,"Độ tin cậy thấp, không mở cửa; distance=0.3356; max=0.1800; sample_distance=0.3356; sample_max=0.5000"
2026-06-03 10:30:32.326376,face_register,obama_test_20260603,,REGISTER,Saved 3 sample(s); rejected 0
2026-06-03 10:30:32.531807,face_retrain,obama_test_20260603,,TRAIN,Trained FaceAI with 3 sample(s)
2026-06-03 10:30:32.769336,face_retrain,obama_test_20260603,,TRAIN,Trained FaceAI with 3 sample(s)
2026-06-03 10:30:32.984438,face_recognized,obama_test_20260603,0.9627,ALLOW,Recognized obama_test_20260603
2026-06-03 10:30:33.347578,face_recognition_failed,,,DENY,Khuôn mặt quá nhỏ hoặc bị che khuất
2026-06-03 10:30:43.628001,face_recognition_failed,,,DENY,Khuôn mặt quá nhỏ hoặc bị che khuất
2026-06-03 10:31:04.559265,face_low_confidence,obama_test_20260603,0.7522,DENY,"Độ tin cậy thấp, không mở cửa; distance=0.6255; max=0.5373; sample_distance=0.5579; sample_max=0.5000"
2026-06-03 10:31:44.482385,face_recognized,obama_test_20260603,0.9627,ALLOW,Recognized obama_test_20260603
2026-06-04 10:10:57.147903,face_register,a,,REGISTER,Saved 4 sample(s); rejected 3
2026-06-04 10:10:57.464728,face_retrain,a,,TRAIN,Trained FaceAI with 4 sample(s)
2026-06-04 10:11:39.509771,face_recognized,a,0.9684,ALLOW,Recognized a
2026-06-04 10:22:08.549342,face_recognized,a,0.9614,ALLOW,Recognized a
2026-06-04 10:44:31.495949,face_recognized,a,0.9702,ALLOW,Recognized a
2026-06-04 10:58:29.685051,face_delete,a,,DELETE,Deleted 4 sample(s); removed empty model
2026-06-04 10:58:58.236148,face_register,face_82c37157-5b4f-4526-99c5-4df2b02717fd,,REGISTER,Saved 3 sample(s); rejected 4
2026-06-04 10:58:58.469227,face_retrain,face_82c37157-5b4f-4526-99c5-4df2b02717fd,,TRAIN,Trained FaceAI with 3 sample(s)
2026-06-04 10:59:08.998116,face_recognized,face_82c37157-5b4f-4526-99c5-4df2b02717fd,0.9335,ALLOW,Recognized face_82c37157-5b4f-4526-99c5-4df2b02717fd
2026-06-06 09:23:38.701562,face_register,face_3ec11665-8509-455a-ac1e-532fade63343,,REGISTER,Saved 3 sample(s); rejected 4
2026-06-06 09:23:38.946605,face_retrain,face_3ec11665-8509-455a-ac1e-532fade63343,,TRAIN,Trained FaceAI with 3 sample(s)
2026-06-06 09:23:50.945279,face_recognized,face_3ec11665-8509-455a-ac1e-532fade63343,0.9229,ALLOW,Recognized face_3ec11665-8509-455a-ac1e-532fade63343
2026-06-06 09:23:59.529942,face_recognition_failed,,,DENY,Không phát hiện khuôn mặt trong ảnh
2026-06-06 09:24:04.246155,face_recognition_failed,,,DENY,Không phát hiện khuôn mặt trong ảnh
2026-06-06 09:30:33.872175,face_recognition_failed,,,DENY,Không phát hiện khuôn mặt trong ảnh
2026-06-06 09:30:55.708825,face_recognition_failed,,,DENY,Không phát hiện khuôn mặt trong ảnh
2026-06-06 09:31:16.224340,face_recognition_failed,,,DENY,Không phát hiện khuôn mặt trong ảnh
2026-06-06 09:31:23.294464,face_recognition_failed,,,DENY,Không phát hiện khuôn mặt trong ảnh
2026-06-06 09:31:30.474890,face_low_confidence,face_3ec11665-8509-455a-ac1e-532fade63343,0.9115,DENY,"Độ tin cậy thấp, không mở cửa; distance=0.4850; max=0.5479; sample_distance=0.5226; sample_max=0.5000"
2026-06-06 09:31:39.649296,face_recognized,face_3ec11665-8509-455a-ac1e-532fade63343,0.909,ALLOW,Recognized face_3ec11665-8509-455a-ac1e-532fade63343
2026-06-06 09:31:49.237304,face_low_confidence,face_3ec11665-8509-455a-ac1e-532fade63343,0.9081,DENY,"Độ tin cậy thấp, không mở cửa; distance=0.5035; max=0.5479; sample_distance=0.5195; sample_max=0.5000"
2026-06-06 09:32:22.708476,face_register,face_20f1c175-02d2-4986-9244-537ca3534a10,,REGISTER,Saved 5 sample(s); rejected 2
2026-06-06 09:32:23.123354,face_retrain,face_20f1c175-02d2-4986-9244-537ca3534a10,,TRAIN,Trained FaceAI with 5 sample(s)
2026-06-06 09:32:38.155733,face_recognized,face_20f1c175-02d2-4986-9244-537ca3534a10,0.9212,ALLOW,Recognized face_20f1c175-02d2-4986-9244-537ca3534a10
2026-06-06 09:50:16.924121,face_recognition_failed,,,DENY,Không phát hiện khuôn mặt trong ảnh
2026-06-06 09:50:23.324396,face_recognized,face_20f1c175-02d2-4986-9244-537ca3534a10,0.9365,ALLOW,Recognized face_20f1c175-02d2-4986-9244-537ca3534a10
